sender,receiver
a.motakis,eric.auger
a.motakis,alex.williamson
acourbot,will.deacon
acourbot,will.deacon
acourbot,laurent.pinchart
alex.williamson,roland
alex.williamson,roland
alex.williamson,roland
alex.williamson,bhelgaas
alex.williamson,will.deacon
alex.williamson,will.deacon
alex.williamson,a.motakis
alex.williamson,feng.wu
alex.williamson,remy.gauguey
alex.williamson,jan.kiszka
alex.williamson,markh
alex.williamson,markh
arnd,laurent.pinchart+renesas
arnd,thierry.reding
arnd,m-karicheri2
arnd,robin.murphy
arnd,laurent.pinchart
arnd,m-karicheri2
arnd,m-karicheri2
arnd,thierry.reding
arnd,m-karicheri2
arnd,will.deacon
arnd,will.deacon
arnd,laurent.pinchart
arnd,robherring2
arnd,m-karicheri2
b.reynal,eric.auger
b.reynal,a.motakis
b.reynal,eric.auger
bhe,zhen-hual
bhe,zhen-hual
bhe,zhen-hual
bhe,zhen-hual
bhe,vgoyal
bhe,zhen-hual
bhe,zhen-hual
bhelgaas,alex.williamson
bhelgaas,m-karicheri2
bhelgaas,m-karicheri2
bhelgaas,m-karicheri2
bhelgaas,m-karicheri2
bhelgaas,m-karicheri2
catalin.marinas,robin.murphy
catalin.marinas,robin.murphy
catalin.marinas,m-karicheri2
catalin.marinas,robherring2
catalin.marinas,robin.murphy
dwmw2,feng.wu
dwmw2,feng.wu
dwmw2,feng.wu
dwmw2,feng.wu
dwmw2,feng.wu
dwmw2,feng.wu
dwmw2,feng.wu
emilian.medve,joro
emilian.medve,varun.sethi
emilian.medve,varun.sethi
emilian.medve,varun.sethi
eric.auger,a.motakis
eric.auger,a.motakis
eric.auger,b.reynal
eric.auger,b.reynal
eric.auger,b.reynal
feng.wu,joro
feng.wu,pbonzini
feng.wu,rkrcmar
feng.wu,alex.williamson
feng.wu,dwmw2
feng.wu,dwmw2
feng.wu,dwmw2
heiko,laurent.pinchart+renesas
heiko,laurent.pinchart+renesas
heiko,will.deacon
hongbo.zhang,javier
hongbo.zhang,m.szyprowski
hpa,feng.wu
indou.takao,zhen-hual
indou.takao,zhen-hual
javier.martinez,jy0922.shim
javier.martinez,jy0922.shim
javier.martinez,jy0922.shim
javier.martinez,jy0922.shim
javier.martinez,jy0922.shim
javier.martinez,jy0922.shim
javier.martinez,jy0922.shim
javier,m.szyprowski
javier,hongbo.zhang
javier,hongbo.zhang
javier,m.szyprowski
javier,m.szyprowski
javier,m.szyprowski
jbarnes,oded.gabbay
joro,laurent.pinchart
joro,k.kozlowski
joro,wsa
joro,k.kozlowski
joro,jiang.liu
joro,feng.wu
joro,zhen-hual
joro,zhen-hual
joro,robin.murphy
joro,oded.gabbay
joro,vgoyal
joro,vgoyal
joro,zhen-hual
joro,will.deacon
joro,laurent.pinchart
joro,robin.murphy
joro,laurent.pinchart
joro,shuahkh
joro,laurent.pinchart
joro,laurent.pinchart
joro,laurent.pinchart
joro,shuahkh
joro,will.deacon
joro,thierry.reding
joro,laurent.pinchart
joro,emilian.medve
joro,laurent.pinchart
joro,robin.murphy
joro,robin.murphy
joro,will.deacon
joro,will.deacon
joro,will.deacon
joro,will.deacon
joro,emilian.medve
joro,arnd
joro,laurent.pinchart+renesas
joro,varun.sethi
josephl,robin.murphy
josephl,robin.murphy
josephl,robin.murphy
jroedel,jerry.hoemann
jroedel,will.deacon
jroedel,laurent.pinchart+renesas
jroedel,emilian.medve
jy0922.shim,javier
jy0922.shim,javier.martinez
jy0922.shim,javier.martinez
jy0922.shim,javier.martinez
jy0922.shim,javier.martinez
k.kozlowski,joro
lauraa,robin.murphy
laurent.pinchart+renesas,joro
laurent.pinchart+renesas,laurent.pinchart
laurent.pinchart,m.szyprowski
laurent.pinchart,will.deacon
laurent.pinchart,will.deacon
laurent.pinchart,thierry.reding
laurent.pinchart,joro
laurent.pinchart,robherring2
laurent.pinchart,thierry.reding
laurent.pinchart,arnd
laurent.pinchart,laurent.pinchart+renesas
laurent.pinchart,will.deacon
laurent.pinchart,will.deacon
laurent.pinchart,thierry.reding
laurent.pinchart,arnd
laurent.pinchart,joro
laurent.pinchart,will.deacon
laurent.pinchart,m.szyprowski
laurent.pinchart,will.deacon
laurent.pinchart,will.deacon
laurent.pinchart,joro
laurent.pinchart,joro
laurent.pinchart,will.deacon
laurent.pinchart,m-karicheri2
laurent.pinchart,acourbot
laurent.pinchart,will.deacon
laurent.pinchart,will.deacon
laurent.pinchart,will.deacon
laurent.pinchart,thierry.reding
liquid.acid,m.szyprowski
m-karicheri2,arnd
m-karicheri2,bhelgaas
m-karicheri2,robherring2
m-karicheri2,arnd
m-karicheri2,will.deacon
m-karicheri2,arnd
m-karicheri2,arnd
m-karicheri2,arnd
m-karicheri2,robherring2
m-karicheri2,laurent.pinchart
m-karicheri2,bhelgaas
m-karicheri2,bhelgaas
m-karicheri2,catalin.marinas
m-karicheri2,robin.murphy
m-karicheri2,bhelgaas
m-karicheri2,bhelgaas
m-karicheri2,robin.murphy
m-karicheri2,will.deacon
m-karicheri2,robin.murphy
m-karicheri2,robherring2
m-karicheri2,laurent.pinchart
m-karicheri2,laurent.pinchart
m-karicheri2,catalin.marinas
m.szyprowski,robin.murphy
m.szyprowski,sjoerd.simons
m.szyprowski,javier
m.szyprowski,javier
m.szyprowski,joro
markh,alex.williamson
nadav.amit,rkrcmar
oded.gabbay,thierry.reding
olof,heiko
pbonzini,rkrcmar
pbonzini,rkrcmar
pbonzini,feng.wu
rkrcmar,feng.wu
rkrcmar,pbonzini
rkrcmar,pbonzini
rkrcmar,feng.wu
rkrcmar,feng.wu
rkrcmar,nadav.amit
robherring2,m-karicheri2
robherring2,laurent.pinchart
robherring2,m-karicheri2
robherring2,m-karicheri2
robherring2,catalin.marinas
robherring2,mitchelh
robherring2,m-karicheri2
robherring2,arnd
robherring2,will.deacon
robherring2,m-karicheri2
robherring2,m-karicheri2
robin.murphy,arnd
robin.murphy,joro
robin.murphy,stefano.stabellini
robin.murphy,yingjoe.chen
robin.murphy,yingjoe.chen
robin.murphy,yong.wu
robin.murphy,will.deacon
robin.murphy,catalin.marinas
robin.murphy,lauraa
robin.murphy,m-karicheri2
robin.murphy,m-karicheri2
robin.murphy,joro
robin.murphy,josephl
robin.murphy,m-karicheri2
robin.murphy,will.deacon
robin.murphy,catalin.marinas
roland,alex.williamson
roland,alex.williamson
sjoerd.simons,m.szyprowski
stefano.stabellini,robin.murphy
sumit.semwal,m.szyprowski
tglx,jiang.liu
thierry.reding,christian.koenig
thierry.reding,oded.gabbay
thierry.reding,markz
thierry.reding,will.deacon
thierry.reding,will.deacon
thierry.reding,laurent.pinchart
thierry.reding,laurent.pinchart
thierry.reding,laurent.pinchart
thierry.reding,laurent.pinchart
thierry.reding,will.deacon
thierry.reding,arnd
timur,emilian.medve
varun.sethi,emilian.medve
varun.sethi,emilian.medve
varun.sethi,emilian.medve
varun.sethi,emilian.medve
varun.sethi,emilian.medve
varun.sethi,emilian.medve
varun.sethi,emilian.medve
varun.sethi,emilian.medve
varun.sethi,emilian.medve
varun.sethi,emilian.medve
varun.sethi,will.deacon
varun.sethi,emilian.medve
varun.sethi,emilian.medve
varun.sethi,emilian.medve
varun.sethi,joro
varun.sethi,emilian.medve
varun.sethi,emilian.medve
varun.sethi,emilian.medve
varun.sethi,emilian.medve
varun.sethi,emilian.medve
varun.sethi,emilian.medve
varun.sethi,emilian.medve
varun.sethi,emilian.medve
varun.sethi,emilian.medve
varun.sethi,emilian.medve
varun.sethi,joro
varun.sethi,emilian.medve
varun.sethi,emilian.medve
varun.sethi,emilian.medve
varun.sethi,emilian.medve
varun.sethi,emilian.medve
varun.sethi,emilian.medve
varun.sethi,emilian.medve
varun.sethi,emilian.medve
varun.sethi,emilian.medve
varun.sethi,emilian.medve
vgoyal,joro
vgoyal,joro
will.deacon,mitchelh
will.deacon,mitchelh
will.deacon,mitchelh
will.deacon,mitchelh
will.deacon,arnd
will.deacon,arnd
will.deacon,arnd
will.deacon,m-karicheri2
will.deacon,arnd
will.deacon,arnd
will.deacon,acourbot
will.deacon,heiko
will.deacon,mitchelh
will.deacon,thierry.reding
will.deacon,thierry.reding
will.deacon,alex.williamson
will.deacon,laurent.pinchart
will.deacon,laurent.pinchart
will.deacon,alex.williamson
will.deacon,thierry.reding
will.deacon,joro
will.deacon,varun.sethi
will.deacon,jroedel
will.deacon,arnd
will.deacon,mitchelh
will.deacon,laurent.pinchart
will.deacon,laurent.pinchart+renesas
will.deacon,laurent.pinchart
will.deacon,mitchelh
will.deacon,robin.murphy
will.deacon,arnd
will.deacon,joro
will.deacon,m-karicheri2
will.deacon,mitchelh
will.deacon,laurent.pinchart
will.deacon,laurent.pinchart
will.deacon,joro
will.deacon,joro
will.deacon,joro
will.deacon,joro
will.deacon,joro
yingjoe.chen,robin.murphy
yong.wu,robin.murphy
zhen-hual,indou.takao
zhen-hual,indou.takao
zhen-hual,bhe
zhen-hual,bhe
zhen-hual,bhe
zhen-hual,bhe
zhen-hual,joro
zhen-hual,joro
zhen-hual,bhe
